candidate_id,peptide,basin_hint,hla_binding_score,binding_percentile_rank,netmhcpan_style_score,mhcflurry_style_processing,rna_expression_log2,dna_naf,rna_naf,clonality_prior,immunogenicity_prior,docking_support,contact_persistence,rmsd_stability,rmsf_stability,manufacturability,redundancy_penalty,ctqw_support_prior,teleport_consensus_prior,reserve_margin_prior,audit_positive,pepmix,cd34_hpc_total,cd34_cd45dim_parent
CNQ159_000,NQDLDCYSYV,2,0.535150001545457,0.4855914654286724,0.6227651474139411,0.4765504768327342,4.663613826695219,0.7639714719131907,0.7929336941813317,0.7320518551967511,0.6612779495014027,0.6445955743050414,0.661151608788919,0.47879358108777986,0.4739315769877169,0.4541896720549868,0.5524163462321581,0.6046222923890531,0.5468466755411505,0.5998337514681974,1,PepMix1,0.26,0.26
CNQ159_001,MWRACVMSC,6,0.495424649248147,0.4242723824757645,0.5351333572469923,0.7786803761546731,6.916372483312258,0.49923902239191675,0.5869057932530346,0.5238296227465377,0.8023670037378722,0.545624102490888,0.5386876008496175,0.5900863124826655,0.3401338752419765,0.6173531274804518,0.4722684922083025,0.5320720263420718,0.7349499911177884,0.46937774145987365,0,PepMix2,0.45,0.31
CNQ159_002,IAVGNFEY,1,0.3291294818131002,0.7109480386804585,0.37041808152715533,0.35267338966050393,3.642104991973918,0.555029674025492,0.5199302727697996,0.40156992201489955,0.3784238161111287,0.2850627526586147,0.3068056298790457,0.4468987508872541,0.49406230743320334,0.37730646112450283,0.6284363194959874,0.34367658517597816,0.38889191485966723,0.3933416909785083,0,PepMix3,0.27,0.24
CNQ159_003,FAWRLFKKEG,1,0.5547828937750869,0.4251750972036631,0.4489900601920998,0.7388300872394856,7.73536016711727,0.19876965034077335,0.2166798104158536,0.277752081452148,0.5978029019187276,0.43918315731767704,0.3979960888653544,0.5344219532148284,0.5183309841243818,0.6587484193966517,0.3651134464117402,0.45506461901724027,0.6441534096467715,0.3315963356589208,0,PepMix4,0.24,0.22
CNQ159_004,MNNHDWIKSF,3,0.3816803728906431,0.52985144301176,0.23182148954028212,0.6137896870466917,4.295940963893288,0.11145568365426259,0.14818662993740034,0.2254731458553631,0.7939828459869881,0.4020192186569013,0.422207952533104,0.5561369365236029,0.3586593908864723,0.45536340302549805,0.4677386930407387,0.4309987807655751,0.655299158098848,0.19119860468922184,0,PepMix5,0.29,0.24
CNQ159_005,MFKSRGPT,4,0.8126304916774284,0.22494257648551597,0.7424148224097004,0.18817155974329874,2.2604888507595757,0.5896701032310823,0.49234509065361565,0.49470770815604326,0.15783881251807821,0.5052614260832857,0.4197125895590479,0.55392465898937,0.31439071051598105,0.476932668528603,0.3457003975640217,0.5001332328027223,0.23863014330885657,0.6198261346627761,0,PepMix6,0.15,0.14
CNQ159_006,EESPFWHH,4,0.5481296604602613,0.49578937531190426,0.7020119493644192,0.422596512124966,5.5219037961738655,0.8683444298179791,0.859427062726401,0.5920550725525935,0.4219411357926291,0.31758064714325984,0.2863513013375726,0.4257958450548245,0.5429987011245939,0.48304391946366904,0.5738762886237161,0.36633074957722306,0.4410948773135879,0.6899859683250478,0,PepMix1,0.26,0.26
CNQ159_007,PVGYCMAY,2,0.7190552732642724,0.28026051643410455,0.8037680356792358,0.498061476135999,3.26602422190013,0.880612573727683,0.9077017511067855,0.5043575241840617,0.747010246115783,0.23671112244391748,0.17211573404109873,0.294346232779874,0.3862885091438937,0.5051107889576294,0.48117082566531055,0.30027749560420114,0.5955734545568679,0.7573873082559845,0,PepMix2,0.45,0.31
CNQ159_008,PTCVMMICHS,1,0.6674649222186987,0.317855993464654,0.4865274535767699,0.46615548028093046,4.234085326507104,0.211552473833254,0.22274582374410498,0.28737956937975656,0.5525416061464612,0.4518884468186868,0.4011783210715582,0.5373085002439558,0.5504353796962526,0.5189909124656592,0.3473995868714896,0.46371749517304967,0.5078165857963371,0.3553993981210829,1,PepMix3,0.27,0.24
CNQ159_009,EDFYPVWFN,3,0.3095894577960547,0.7394020935197447,0.365323350468944,0.22633007773134411,1.4609698823220665,0.6701862259995133,0.649964335812123,0.530104053889891,0.4334724749256885,0.35293101682512223,0.4074969190303653,0.5430103497704472,0.5323460110770399,0.2696034655672273,0.6882571722784098,0.39658447797724916,0.3431881882852984,0.42313927292010023,0,PepMix4,0.24,0.22
CNQ159_010,NRDLLGDIH,6,0.45494547048255324,0.49754970675625376,0.49222796578987044,0.6045332372020605,5.289070069066477,0.5318467523447534,0.5607732997371256,0.3010766443687953,0.616823978972136,0.2148879016101412,0.19007395441591643,0.3168386321404157,0.5124414199485777,0.5264625414567001,0.5223298333221065,0.28410212805240886,0.5842672994448304,0.45466501750718513,0,PepMix5,0.29,0.24
CNQ159_011,RRANDDRHV,4,0.38957723916701403,0.6663008876460828,0.4636782187960333,0.3559826488874837,3.7933988821525633,0.7039202970734573,0.721812047395388,0.36664208971357015,0.5997413324834561,0.1771873476238162,0.1725775869922671,0.29493502710235997,0.5343721819112061,0.34697628372474476,0.6354897647989255,0.2518081793750106,0.4661968872961082,0.48992840750591093,0,PepMix6,0.15,0.14
CNQ159_012,ACTMCQQKN,1,0.7082732972386351,0.35408646010082034,0.6816670401327153,0.4574667099778097,5.03523645261562,0.5690150446545716,0.5524677184098813,0.4540010297338206,0.41556510273160985,0.44126288753456583,0.3734381375186489,0.511795746706149,0.5494473262551784,0.5619700687878488,0.38930610496728374,0.45538866211991014,0.4590236813939125,0.5744914477620098,0,PepMix1,0.26,0.26
CNQ159_013,RPSFKNDSQ,1,0.32467561114575433,0.675443321091717,0.33139337093492116,0.4983126331393578,4.220848098192999,0.430335710746123,0.46027806578206876,0.24766387792148467,0.6342643903035666,0.17425250876249457,0.17459692042456976,0.2975027824733588,0.5090552684872418,0.4085699747398062,0.5993018562238195,0.24938149401684562,0.5403302488799103,0.3389783560567392,0,PepMix2,0.45,0.31
CNQ159_014,TWYFLVHMEF,7,0.6481128209728667,0.2997795665244617,0.4453550514975802,0.6138655794154099,7.487248308093126,0.11513185611251246,0.10337031332652347,0.476422155504887,0.3658383494625341,0.8167050069721924,0.814644810459963,0.3110064001554982,0.5092755395595954,0.6533074633877588,0.29491075602641237,0.7422713027777499,0.5086280102443638,0.2914382122697248,1,PepMix3,0.27,0.24
CNQ159_015,QSPIWPYD,5,0.0850228683586568,0.9132939883129699,0.1438059254515168,0.5078683375923203,4.066280792389127,0.46822696150367216,0.4357866492408181,0.4520852387068771,0.41787703897302575,0.3191299624285453,0.44873392588619676,0.5793086467299652,0.5017379672239572,0.34524813594475395,0.7896031407436465,0.37431332974459575,0.4590127352943623,0.22679807817749886,0,PepMix4,0.24,0.22
CNQ159_016,AKFCGAYAY,2,0.49329247224108724,0.5116943547937267,0.5564177913699055,0.2872765863301624,1.7576942956835038,0.7835712087243729,0.8196886804428041,0.7820090196187388,0.7196160305035232,0.6882082717865691,0.7339154766809488,0.40425728437469477,0.42973852895903475,0.30104038192868987,0.6180602499317311,0.6387889145447884,0.4798904915836843,0.5703545955185183,1,PepMix5,0.29,0.24
CNQ159_017,KDKHSLATFN,5,0.2399471088531668,0.7168889778866581,0.14320219469958614,0.3568282972554686,2.828193073556595,0.13792158330941257,0.16372976925992208,0.2711421136817217,0.7160650534906903,0.3885367042525965,0.47103039943001423,0.5983254639601392,0.44873592070942936,0.27308608579686594,0.6117579725911444,0.4238117142943342,0.5053865912820718,0.15408291583599223,0,PepMix6,0.15,0.14
CNQ159_018,DKITFYQDY,7,0.5787624732125819,0.5014560304742757,0.6142017564098587,0.7856999768946578,7.195226345081094,0.5443240285852216,0.6363843225897179,0.7978923459956161,0.8151763994640768,0.8731730073984878,0.886438469534667,0.21450036671185227,0.3217311854201172,0.6433853340362725,0.43270651125641296,0.79767501101603,0.7455749929028942,0.5269031991581135,1,PepMix1,0.26,0.26
CNQ159_019,FTFVQPWHWD,0,0.2402311369953564,0.6628603434198439,0.4214561362200778,0.6437505840895443,7.717330124540476,0.692022855971147,0.6249253382757117,0.25402442229498773,0.24505475538252536,0.09208588121541289,0.08538797724658627,0.1715214213422439,0.37818503104187984,0.5768207228448068,0.6593033255683879,0.16459582644151097,0.46199205810075084,0.46229367503715163,0,PepMix2,0.45,0.31
CNQ159_020,CIVAGYNDQE,4,0.38990386172528013,0.6172652158634796,0.4249940467707894,0.3578512053547601,4.143114345913282,0.5828286474216559,0.5637918229216636,0.6171016847228875,0.43465801823147854,0.5716871980690859,0.6215437989555661,0.5164708437143186,0.5415310673206712,0.3866988334603967,0.6001379401704554,0.553089930909679,0.41187629047580543,0.43166541297738364,0,PepMix3,0.27,0.24
CNQ159_021,VIMIRGWQDS,7,0.5601446382429228,0.48011595288330466,0.44224709420658237,0.49546574399700916,4.099625200361516,0.3041011733664309,0.35798166230849005,0.46488345124351793,0.7238869570046416,0.6024164281079095,0.6075817556893126,0.5293378350154573,0.41796663021282104,0.45630738188713044,0.4396361226662862,0.5732794959708027,0.5800489492491878,0.3638085491369794,0,PepMix4,0.24,0.22
CNQ159_022,GCGLFTHAQ,7,0.4203862362257875,0.5172034519478584,0.3828479033679862,0.8610779367794569,8.173424824444043,0.20572906526504092,0.25356057552973454,0.3607606594616313,0.7460444569829991,0.5413233626529511,0.5412532392291705,0.5878985131614713,0.39808313201984047,0.6980366125872413,0.4209023336154012,0.529301080828413,0.7594787602055267,0.30142832063453134,0,PepMix5,0.29,0.24
CNQ159_023,WTEGFKTYF,7,0.7073221902855621,0.3602923788042822,0.4948935364241704,0.3677484344898958,3.683180614755805,0.20715588608084676,0.22250352046488053,0.3788279405814244,0.5760780218489658,0.6033198719716767,0.5701547231760118,0.5628724108218356,0.5316933136731997,0.46054725509609284,0.3384737717520439,0.5723180269573116,0.47284867413397585,0.3579738866633046,0,PepMix6,0.15,0.14
CNQ159_024,MRCYNNKHVSD,0,0.08369798027167198,0.9240027920856256,0.2625044849994097,0.40191820059044203,3.4007372639809494,0.9069029092953735,0.9223010604706748,0.5015684119825982,0.73233470942586,0.09686610144104343,0.1405081194366658,0.25261920423281603,0.4519207942901277,0.22091640399838597,0.8772807218169196,0.1730988555336618,0.5244490794404744,0.46467069345498396,0,PepMix1,0.26,0.26
CNQ159_025,IGMFRLTCIL,5,0.2783596232695488,0.7210459667138711,0.2685182266135227,0.7331677282533754,6.351873662884346,0.2643268840652128,0.3255177100286776,0.31696181311396693,0.776631010904717,0.3644899414102533,0.3990196284199661,0.5353514897155683,0.38102205077963497,0.515302139472536,0.5637215476309931,0.4042749639848753,0.6971226898963031,0.26094067703654933,0,PepMix2,0.45,0.31
CNQ159_026,KFWQTTQNYND,2,0.36707795371771695,0.7124052263784121,0.49512930380767217,0.19639387046013349,1.3489627286589672,0.8512066114204921,0.8537948603867792,0.7876927646201592,0.5404157410269547,0.5928102755318012,0.6687287329237754,0.4713723926548148,0.5837648367224586,0.24204510524177322,0.7122999591253355,0.5694641306970081,0.35987284006639253,0.5679880313398413,0,PepMix3,0.27,0.24
CNQ159_027,ICRHDEVQL,0,0.4934209518049361,0.5243284699464347,0.6322083261258882,0.7105671425086032,7.396373427037927,0.725589132771148,0.7377793087431084,0.5200385643180322,0.5576006590733006,0.37344769050394877,0.3430863536176687,0.4829131316379823,0.5532219888118876,0.6289900743785114,0.5189056513231868,0.4080493898456534,0.615193653367603,0.591711464069809,0,PepMix4,0.24,0.22
CNQ159_028,VQWSRTGCAW,3,0.4263383183731504,0.5126132368845563,0.4562912679178102,0.8077322860668628,7.987730329624008,0.4003709989701176,0.4757923802697988,0.23130764654891853,0.7737445190483518,0.19731721630859841,0.16820928622167083,0.28934333709096544,0.37260912058478596,0.6343549979995963,0.48247791579185034,0.26854246382922026,0.737266150583197,0.39901308769636545,0,PepMix5,0.29,0.24
CNQ159_029,HYPCKKKAQC,2,0.6248725923813143,0.35066305239510354,0.6366754243225742,0.5418026449092961,3.8717741406239528,0.6528216071539015,0.7260079044175111,0.6250206709140959,0.7921150448104368,0.5929191389485441,0.5774441230238395,0.5564449340198442,0.3477397072842542,0.4847127836856888,0.4716414634501534,0.5655479597999822,0.631189829071879,0.5712745851625258,1,PepMix6,0.15,0.14
CNQ159_030,TVTMVGNNKLQ,6,0.04217968784626641,0.9284644227725144,0.17117939048938152,0.5234190522164205,4.336820078971603,0.8611446086025922,0.8555738847323855,0.5863597733055675,0.5182564076245855,0.173941968445658,0.2887291251024924,0.42828082039804743,0.5652568819694884,0.2824004482461683,0.8965506797688724,0.25422693327977053,0.4944965361006409,0.36138080119029115,0,PepMix1,0.26,0.26
CNQ159_031,YTARLEPQK,4,0.8687459879958263,0.17580617734645032,0.7586740062321813,0.40998190060501355,4.601005472766413,0.3413090497593598,0.29482280575171654,0.3439336190991304,0.26601731810239354,0.5063890547906714,0.3758200155563321,0.5140182341472039,0.43934382725298665,0.6460879363949972,0.22672039864620214,0.49897493213612415,0.39000965558332085,0.5630911479623846,0,PepMix2,0.45,0.31
CNQ159_032,SWKFACPVPRE,5,0.09334510115789363,0.8722698354955744,0.1883640665179803,0.7149827982311089,5.213524815085914,0.644161267388187,0.7657989292777488,0.6312969615670389,0.9278247925250666,0.44310928977822234,0.5952419638791583,0.5405436076857552,0.2020058815334375,0.32389076502932,0.8083633677228461,0.46597804373988905,0.7679187322607062,0.30013962435217584,0,PepMix3,0.27,0.24
CNQ159_033,HYCTFYMP,3,0.3057679765123215,0.7163029415386721,0.40412243526627145,0.43994377500845094,4.299313742170798,0.6986714466002704,0.7352485525323617,0.4859958652694928,0.6904607661522079,0.2872661485589488,0.3181181774970448,0.458314674208961,0.46473034764639476,0.35098982657997024,0.6752129747235265,0.34579664981528513,0.5352979014700555,0.4545938253378535,0,PepMix4,0.24,0.22
CNQ159_034,WTNPQDYK,5,0.36472910683298376,0.48911943355156473,0.39467975169812775,0.7624028400370954,7.972801275933847,0.3191898085327353,0.29171171160096343,0.6615274367233596,0.37648456287147475,0.8064082879846505,0.8426622645466558,0.2751995069284284,0.5028092987851399,0.6730225561534421,0.486372592589147,0.7351964844843205,0.5802505303995409,0.34343639328037073,0,PepMix5,0.29,0.24
CNQ159_035,ELNERNWR,6,0.3517437769887909,0.6548825374630651,0.4140122599120719,0.474985288624264,4.652690362500192,0.6184381714402893,0.6618132132809221,0.5331659287161163,0.6929413046333448,0.41769674139612045,0.4566676346407132,0.5861216563359735,0.4587484721248468,0.3872191272158613,0.6264531446392458,0.4430653347636405,0.5530124737765673,0.4356449054042047,0,PepMix6,0.15,0.14
CNQ159_036,ICGYGYWNMVT,3,0.7884982648686912,0.1870546397054521,0.7867534295180513,0.6294897046618477,6.115167667894069,0.6506889250474359,0.6810341306165887,0.37801045268111144,0.6054995905299243,0.314225614781226,0.2150993108418294,0.3469098570284702,0.4976553997688206,0.6582544315285113,0.3323853845471497,0.3602619587131136,0.6016512290855528,0.6677565482188378,1,PepMix1,0.26,0.26
CNQ159_037,MWYDHFHDY,5,0.03295209438745623,0.9547126695249393,0.12294144964073492,0.7288710287702873,7.140383009475103,0.7329682197394964,0.7601846844391952,0.5782785981792992,0.6982600466674962,0.2583800125286966,0.4249097039753132,0.5585257226139323,0.4920324482644356,0.3518112215258544,0.8853719552445307,0.3283742141449119,0.6500334621682077,0.2667626568287761,0,PepMix2,0.45,0.31
CNQ159_038,SNTDGTMH,4,0.42920868927752576,0.4402317586909329,0.6280628626129365,0.6885400871307688,7.638802261935357,0.8165730732111025,0.8299610028739967,0.5990865484034567,0.5929947752764265,0.3757906687836589,0.36540440865749135,0.5042535673918596,0.5309223298336107,0.5846254940582206,0.5880118416203509,0.4106445099290008,0.6141790614293526,0.623837733068174,0,PepMix3,0.27,0.24
CNQ159_039,FLNEIMWCCW,2,0.2902097126048545,0.7273050891147679,0.354308947619347,0.4440770189247967,2.6713021719669348,0.6390626724708686,0.7135683555904939,0.4894249268022225,0.811225833632069,0.3240192447269999,0.3717470744182724,0.5102140843611163,0.34877223361652837,0.3123068499463426,0.6810891577550726,0.37470023079156844,0.5907741425987151,0.407400088074629,0,PepMix4,0.24,0.22
CNQ159_040,WCMWDHEWK,2,0.6776308940993873,0.3465434583479654,0.5582771963478024,0.41015657691711416,2.8971249809323263,0.3791141345354184,0.41471411257206897,0.6949523039579858,0.6334977168913126,0.83778982956038,0.8471017419061376,0.2693265466161567,0.48840287502215046,0.46421731523085463,0.3931069641522031,0.7624064347815532,0.5115563532527007,0.4484502233928894,1,PepMix5,0.29,0.24
CNQ159_041,TTIDWQSYA,0,0.352146317787412,0.6577030909581636,0.28777622047376017,0.3501882518380021,2.2153899109094124,0.3424085621595237,0.3822652776530724,0.1426282157934918,0.6818367957497837,0.09369457331165955,0.08724516883626338,0.17446939686685137,0.4705579459737577,0.3126021099436179,0.5917703493023381,0.1664895850863618,0.49233616406256625,0.2922003382268735,0,PepMix6,0.15,0.14
CNQ159_042,NEEDMYSAHR,0,0.4642280293274644,0.4550779626731014,0.646951212487456,0.7115585588443331,5.927167479163721,0.8215249003347231,0.8593457817254141,0.6985309082691947,0.7564239254481779,0.5264911582145676,0.5307433108221068,0.5968272322240518,0.3894889012500532,0.5673496281907474,0.5767015899782459,0.5189508322585915,0.6837945383233522,0.6365838010403956,0,PepMix1,0.26,0.26
CNQ159_043,GKDRTQIVQL,7,0.4933586158316942,0.5330042651667635,0.4092455410215121,0.4721119937172649,4.2901466854543475,0.3538834937994988,0.41445583182788326,0.5840982428577813,0.7388073022081635,0.7015695639638311,0.7359457568521256,0.40206299287073893,0.40870760096344133,0.4158731539349687,0.49445412685980417,0.6485254349941392,0.5744825608206682,0.36096879528169995,0,PepMix2,0.45,0.31
CNQ159_044,PVMTNNVYTWG,3,0.4834461831235372,0.4954242486795498,0.43893538455568476,0.5456014736223161,5.237251124071672,0.3877669782550434,0.42703834273632724,0.3738982704176424,0.6588180237101441,0.39580426694452037,0.3871092196953493,0.5244692153191837,0.4779417898440901,0.4842800776501609,0.4893773906109597,0.4252811243248295,0.5742677088986454,0.38621669079804305,0,PepMix3,0.27,0.24
CNQ159_045,HRFKCFMKKFM,5,0.16985616057982714,0.8245763003776434,0.20627262811077612,0.4260188850966616,4.84303349982299,0.4238655410627206,0.4019268064073914,0.303516788832886,0.4437422886882496,0.2048489448269521,0.2528572826133105,0.3898358853177872,0.5320671540877496,0.34590105673423416,0.7091408460920315,0.279022442672751,0.4376736131774611,0.262330458802215,0,PepMix4,0.24,0.22
CNQ159_046,SYMRDQNMSHL,6,0.40433634922214845,0.4912061662854875,0.5656767109928453,0.5919415021445986,7.125781433390317,0.721593818940146,0.6591489253759206,0.47029001649940255,0.23893250533008967,0.2948080982221945,0.27842789894905545,0.417452728082861,0.3825751438847276,0.6015032467711652,0.5698545268414547,0.3495294339643984,0.44076717399025983,0.5526408965305686,0,PepMix5,0.29,0.24
CNQ159_047,GPIEQEVEDG,7,0.45348300111910816,0.418781869051164,0.4226643993825488,0.7254771137774092,6.652914533263615,0.3158459291245598,0.3653623379153516,0.5533677602606839,0.7075165449733416,0.6984991144255472,0.7233625094426077,0.4155539018904776,0.4348003998985989,0.5902252837310522,0.4619471993605424,0.6456923185336719,0.6717458144443901,0.35710541471986984,1,PepMix6,0.15,0.14
CNQ159_048,GTFFENLV,0,0.3466771864314768,0.6431858388178422,0.549523417511585,0.4262781480281566,4.6356399331301255,0.8409835167267856,0.8089701191936657,0.5928849089412408,0.30216994023130017,0.310998446477805,0.3249743664044221,0.46514939923541954,0.43371834689879973,0.45337862401065315,0.6674576434948489,0.36337110715702486,0.3943868955184099,0.5922007766009089,0,PepMix1,0.26,0.26
CNQ159_049,NMDSLAQSGF,0,0.45740408348963085,0.4692999500055922,0.6883955951425808,0.7800886841896852,7.6838862374631365,0.8519887997053408,0.870800495295951,0.45515810521363553,0.6504003339440915,0.1905943929022416,0.15604040504889688,0.2734892558254305,0.4816809224524626,0.6523579163147086,0.5690805832717047,0.2622252630581657,0.6806511857696682,0.6740455323042798,0,PepMix2,0.45,0.31
CNQ159_050,CKSYSCMVK,3,0.8220514580956944,0.20525012647513263,0.6981364778162611,0.7353582971305382,7.672274297756233,0.24988626261825067,0.3050055197903949,0.35924428050125634,0.7232350473357401,0.5951728602131888,0.48838760964175226,0.6128598063199847,0.39485849754858116,0.7141811826945089,0.2290041739027138,0.5634048355347833,0.6925528688483021,0.4901165818001408,1,PepMix3,0.27,0.24
CNQ159_051,CGNIMHTKVGS,2,0.5376192551077063,0.6286453441286286,0.5938515853471882,0.07991209302920638,0.0,0.8682603943506875,0.8548395468502995,0.7527421098740545,0.3992080081621692,0.5284335593623003,0.5677639223882582,0.5649700731238347,0.5155522635758798,0.1875233585846026,0.6611219138222925,0.5218033206167825,0.23146927411337398,0.6306152640896407,0,PepMix4,0.24,0.22
CNQ159_052,TATAEEMK,0,0.300556553311118,0.6026746825016746,0.41809043620428865,0.6326862365454301,6.56218696527964,0.6263588468271337,0.6410183495220979,0.5077773676611353,0.5774547028010915,0.3782054933560513,0.4101070382739978,0.5453543538519054,0.552437063847783,0.5044490272133009,0.6274285288787134,0.4142084219574925,0.5790208813756059,0.4402448012816906,0,PepMix5,0.29,0.24
CNQ159_053,CPHISKKRGAM,1,0.9358709974529332,0.09395259495783448,0.8317153421349402,0.1849272668764268,1.184963956436885,0.3952654948656377,0.34082185557471795,0.556857550766967,0.24341548789109538,0.7697245357342963,0.6694402713579563,0.4706717651173959,0.42477390010498184,0.5347072246035902,0.18845203670909072,0.6971803191018368,0.27811655708963523,0.638662844243349,1,PepMix6,0.15,0.14
CNQ159_054,EWFAEDNE,7,0.8075378931318323,0.19018403044457677,0.6273760394654884,0.6304629147267776,5.927828776833931,0.17383890384562248,0.19516441544835889,0.3836033340549134,0.6083305920520365,0.691800095146458,0.619653541724225,0.5182248712299944,0.4936015232122181,0.666478515262632,0.2311458038745348,0.6363064943459259,0.6038362586094157,0.41495224872519965,1,PepMix1,0.26,0.26
CNQ159_055,EPWAKYIE,1,0.7502547434362304,0.25993888407139876,0.5570721990746244,0.19308281745062358,1.2697646438901746,0.33208775274070257,0.33884074899901434,0.38848041474595346,0.5161543335536568,0.5058850776949699,0.45836644224913436,0.5875737496829385,0.5766706605634888,0.3504556070678837,0.36924015993483034,0.5021847948796335,0.3608241713921938,0.43371322983077076,1,PepMix2,0.45,0.31
CNQ159_056,VQIGPQGW,1,0.8868849103021206,0.17702004010472472,0.77800119179011,0.39677878069735856,4.7816017905076915,0.32350951386072174,0.2628076739458322,0.5161910584337366,0.20634953397414885,0.7546302933022734,0.6668141448097572,0.47325441736175905,0.38196658294720354,0.6683879218929606,0.2054752731235736,0.685223752253288,0.3593530705267799,0.572432817478533,1,PepMix3,0.27,0.24
CNQ159_057,PCYFSYTE,4,0.5754524991883009,0.5250964412552923,0.6680472485319757,0.5609441487096297,5.27615541751998,0.7796666689912005,0.8225218095352231,0.8096649142576815,0.7422445493670898,0.7697652320601552,0.7867683967234981,0.34471311110435593,0.3990543241937174,0.49872627245667733,0.5254660264149704,0.7024632826544907,0.6156578114557792,0.6317127357788365,1,PepMix4,0.24,0.22
CNQ159_058,KHRAAGFNSD,6,0.4354851299702511,0.45134770929620094,0.5461968310803176,0.6259074412784452,7.114949777248647,0.6318230256825981,0.5922278320309589,0.5692437513753456,0.3398327099279147,0.5005017084184843,0.5034973612150407,0.6195783766113101,0.47487408512600937,0.604318936127579,0.5329244769958773,0.5004801980041957,0.4985321899420319,0.5132383847559224,0,PepMix5,0.29,0.24
CNQ159_059,HKTPMALAC,4,0.9003000921793569,0.11304162749860958,0.9247333990992712,0.43239953131045933,3.9804054121938433,0.8998861794092075,0.8887321062454266,0.8079431397761695,0.34219172863190384,0.73449889788948,0.6322663625271633,0.5064476644077444,0.511418928934097,0.6615587027699991,0.30393025709493215,0.6684008033675851,0.4312172724165257,0.8585845225180344,1,PepMix6,0.15,0.14
CNQ159_060,YYDEQDRPP,3,0.5466908797172073,0.42957224320065,0.49524970252998046,0.8029497761609037,7.6485760636583064,0.27830501149192133,0.3304899154812798,0.32244426356851835,0.720596067417452,0.43736837961807196,0.3951319682188838,0.531815285276654,0.4156286368457885,0.6796311555450623,0.3840836190247551,0.45372262811343556,0.7185277009588859,0.3833751530201001,0,PepMix1,0.26,0.26
CNQ159_061,QHPGWWEL,6,0.5938521966419942,0.3275466854049931,0.8128084799875503,0.6477018902309533,5.583651169340253,0.9397735175261814,0.9473929042433269,0.6354188597244872,0.6300206521326369,0.2645598177885071,0.2126266094051774,0.3439999521712126,0.49249845332040537,0.5961069969291966,0.565184677203113,0.32384665869999846,0.6119478690519915,0.7988237963425553,0,PepMix2,0.45,0.31
CNQ159_062,NYSGEWIFT,6,0.7182312107286511,0.27637681591847885,0.7539395935563906,0.5681178024671298,4.874654072597116,0.7474767164441147,0.7888728788215675,0.2885273873115818,0.70173978611951,0.14250311369365032,0.09011473474815157,0.17898998286288043,0.4258422509669803,0.5650640857915359,0.4215905264017071,0.21538282184823523,0.6067434160954324,0.6733815562454024,0,PepMix3,0.27,0.24
CNQ159_063,SYYMAFHHIEE,5,0.08644102128974951,0.871465554699991,0.18043946736862174,0.6121254520363685,5.521090337975803,0.6181200449845157,0.6437275491115388,0.8764915553558602,0.6523918916057786,0.8626756660271454,0.9399205194678429,0.12939021728408973,0.5174902765100644,0.3562230776073889,0.8058406571461909,0.7924434755922266,0.5853629135068079,0.28761586259207383,0,PepMix4,0.24,0.22
