candidate_id,peptide,basin_hint,pepmix,audit_positive,quotient_basin,degree,rwr_mass,ctqw_mass,teleport_consensus,mbha_score,eligible,rank
CNQ159_050,CKSYSCMVK,3,PepMix3,1,0,23.273041632444414,0.014385725255420829,0.014084262190472837,0.015624999999999941,1.0863474363752945,1,1
CNQ159_018,DKITFYQDY,7,PepMix1,1,1,21.641299713020544,0.013515166992478173,0.012393156045755667,0.015625000000000014,1.0635379958305748,1,2
CNQ159_054,EWFAEDNE,7,PepMix1,1,0,24.14411266561791,0.014825166405612161,0.014739317147636884,0.015625000000000052,1.01000042206423,1,3
CNQ159_014,TWYFLVHMEF,7,PepMix3,1,0,19.46637036755434,0.01248811850116329,0.011561391636388146,0.015624999999999958,1.008517174205633,1,4
CNQ159_059,HKTPMALAC,4,PepMix6,1,0,17.855965863602805,0.01173730546254369,0.01110888154423258,0.015624999999999948,0.9837840763570066,1,5
CNQ159_056,VQIGPQGW,1,PepMix3,1,0,18.793094376265685,0.012212410834270895,0.011741804550941525,0.015624999999999997,0.9685471956761761,1,6
CNQ159_034,WTNPQDYK,5,PepMix5,0,2,22.487892075346494,0.013950490716967497,0.013100367297800043,0.015625000000000017,0.9405180801895882,1,7
CNQ159_022,GCGLFTHAQ,7,PepMix5,0,2,26.117473293201442,0.015725954666417713,0.015342854206806126,0.015624999999999872,0.9182880207540376,1,8
CNQ159_060,YYDEQDRPP,3,PepMix1,0,1,28.765398195232038,0.017042835117254122,0.017312082305639392,0.01562500000000002,0.9014929188112375,1,9
CNQ159_001,MWRACVMSC,6,PepMix2,0,1,28.639746902410742,0.016978112601171776,0.017188253293099195,0.015625000000000045,0.8962294924212664,1,10
CNQ159_047,GPIEQEVEDG,7,PepMix6,1,1,29.00188261546211,0.01716823964551349,0.01756464020631158,0.015624999999999965,0.8943267696542069,1,11
CNQ159_057,PCYFSYTE,4,PepMix4,1,2,26.4050496834542,0.01589639584555265,0.015819416918575434,0.015625000000000038,0.886151253953665,1,12
CNQ159_003,FAWRLFKKEG,1,PepMix4,0,1,28.10109144798119,0.016711007150373727,0.01678109240419614,0.015624999999999941,0.8800197292892954,1,13
CNQ159_036,ICGYGYWNMVT,3,PepMix1,1,2,26.148910712058218,0.015805921776887107,0.01601734954615007,0.01562500000000002,0.8785350063895756,1,14
CNQ159_031,YTARLEPQK,4,PepMix2,0,0,22.85226983738881,0.014220944634288865,0.014235246162286849,0.015624999999999934,0.8555835852452767,1,15
CNQ159_042,NEEDMYSAHR,0,PepMix1,0,3,29.003390273666103,0.017162796823599325,0.01749753662280826,0.015624999999999934,0.826279396754558,1,16
CNQ159_027,ICRHDEVQL,0,PepMix4,0,4,30.496400086358612,0.017884964181195825,0.01843885123444908,0.015624999999999927,0.8258553119400183,1,17
CNQ159_040,WCMWDHEWK,2,PepMix5,1,1,25.401829810593764,0.015430337051562569,0.01541828707963781,0.01562500000000007,0.8117870452905748,1,18
CNQ159_053,CPHISKKRGAM,1,PepMix6,1,0,16.27108608042549,0.010954833372689796,0.010277946947553844,0.015624999999999917,0.8110233643175758,1,19
CNQ159_038,SNTDGTMH,4,PepMix3,0,4,30.307702388869956,0.017791385068782056,0.018291888910247276,0.01562500000000007,0.8082219480740549,1,20
CNQ159_058,KHRAAGFNSD,6,PepMix5,0,3,30.860109511918616,0.018093008058612838,0.018988224983275168,0.015625000000000007,0.8044826769457524,1,21
CNQ159_029,HYPCKKKAQC,2,PepMix6,1,1,29.513776836073557,0.017448713130205393,0.018211927423386107,0.015625000000000014,0.78737712493671,1,22
CNQ159_012,ACTMCQQKN,1,PepMix1,0,2,29.345869014216895,0.017389831994207548,0.018326065655347563,0.015624999999999997,0.7809123189860485,1,23
CNQ159_000,NQDLDCYSYV,2,PepMix1,1,3,31.279257543663636,0.018308486710544483,0.019393587179422554,0.015625000000000083,0.7768160715138833,1,24
CNQ159_049,NMDSLAQSGF,0,PepMix2,0,4,25.819139712221492,0.015566288621740088,0.015017679535284885,0.015625000000000052,0.7671259003203134,0,25
CNQ159_028,VQWSRTGCAW,3,PepMix5,0,3,25.764885236529704,0.015532721482377923,0.014924338945674543,0.015624999999999972,0.7510630559980229,0,26
CNQ159_023,WTEGFKTYF,7,PepMix6,0,1,27.200852359047982,0.016314972043381,0.016616499049190582,0.015625000000000007,0.7467643563859687,1,27
CNQ159_061,QHPGWWEL,6,PepMix2,0,4,25.687123741401482,0.015532203519733579,0.015235402949792413,0.015625000000000038,0.7407103096789254,0,28
CNQ159_043,GKDRTQIVQL,7,PepMix2,0,3,30.324294383198634,0.017835486103697385,0.018671502866601346,0.015625000000000052,0.7334348810104903,1,29
CNQ159_021,VIMIRGWQDS,7,PepMix4,0,2,31.867118971207347,0.018596960339830486,0.019821102694080144,0.015624999999999958,0.730263960417611,1,30
CNQ159_008,PTCVMMICHS,1,PepMix3,1,2,27.844731249031643,0.016615480852925312,0.016899467096320116,0.01562500000000005,0.7183946940469105,1,31
CNQ159_062,NYSGEWIFT,6,PepMix3,0,3,24.21663944289886,0.014828323110165012,0.01448268688364142,0.01562499999999999,0.6913036187731472,0,32
CNQ159_046,SYMRDQNMSHL,6,PepMix5,0,4,28.55337248388317,0.016946594698800284,0.01723130222435827,0.01562499999999999,0.6817644611531386,0,33
CNQ159_044,PVMTNNVYTWG,3,PepMix3,0,4,34.439337048997956,0.01984016112071598,0.021532688627690595,0.015624999999999941,0.6756451432037992,1,34
CNQ159_052,TATAEEMK,0,PepMix5,0,5,32.013774425971725,0.01864389872829231,0.019679959261065062,0.01562499999999999,0.6655803368139744,1,35
CNQ159_006,EESPFWHH,4,PepMix1,0,5,27.501843384315197,0.0164331089109904,0.016532005906181514,0.015625000000000007,0.6612190546209998,1,36
CNQ159_005,MFKSRGPT,4,PepMix6,0,0,19.426451714722788,0.012508049697450074,0.011927330956859333,0.015624999999999934,0.6568733125771806,1,37
CNQ159_007,PVGYCMAY,2,PepMix2,0,3,24.338891113799125,0.014890378132754943,0.014580383851920878,0.015624999999999944,0.6516308202564076,0,38
CNQ159_025,IGMFRLTCIL,5,PepMix2,0,5,26.94970534842573,0.01615241078544303,0.01609913109599401,0.015624999999999997,0.6408886818332166,1,39
CNQ159_063,SYYMAFHHIEE,5,PepMix4,0,6,18.215489779109767,0.011874919176463185,0.010949875087264208,0.01562499999999993,0.6231564730732955,1,40
CNQ159_010,NRDLLGDIH,6,PepMix5,0,5,31.81071110406203,0.01853003549813703,0.019398307232226544,0.015624999999999983,0.6055885474178162,0,41
CNQ159_020,CIVAGYNDQE,4,PepMix3,0,5,29.73029057972184,0.017555229428738495,0.018357895817209386,0.015624999999999997,0.5973507069535586,1,42
CNQ159_016,AKFCGAYAY,2,PepMix5,1,3,27.132794379829512,0.016260102369786006,0.016371172560197815,0.01562500000000003,0.5910171378103583,0,43
CNQ159_004,MNNHDWIKSF,3,PepMix5,0,4,24.28948331236093,0.014823723494895039,0.01410952530028982,0.0156250000000001,0.589375670450504,1,44
CNQ159_035,ELNERNWR,6,PepMix6,0,5,33.4502096290127,0.019370771517191968,0.020961979233138937,0.015624999999999962,0.582355774705926,1,45
CNQ159_055,EPWAKYIE,1,PepMix2,1,2,23.46920139955708,0.014476892498953812,0.014127580393272875,0.015625000000000038,0.5811935625860926,1,46
CNQ159_019,FTFVQPWHWD,0,PepMix2,0,6,21.557843412874377,0.013485733571628595,0.01247626775219477,0.015625000000000038,0.5202707870520411,0,47
CNQ159_048,GTFFENLV,0,PepMix1,0,5,27.838412316285023,0.016615600567404278,0.016942289616616802,0.015624999999999962,0.5137448262556741,1,48
CNQ159_032,SWKFACPVPRE,5,PepMix3,0,6,18.867214796855016,0.012189391020997323,0.011236369994551068,0.015625000000000038,0.48710146794060577,0,49
CNQ159_033,HYCTFYMP,3,PepMix4,0,7,31.32178815596847,0.018328218365463726,0.01944088413078659,0.01562500000000002,0.4751723453069771,0,50
CNQ159_037,MWYDHFHDY,5,PepMix2,0,6,22.77845608164172,0.014120387279457728,0.013580544124339308,0.015624999999999951,0.44957014183421096,0,51
CNQ159_026,KFWQTTQNYND,2,PepMix3,0,5,21.976943993035743,0.013708796677875614,0.01287642211177058,0.015625000000000038,0.4391415844484132,0,52
CNQ159_013,RPSFKNDSQ,1,PepMix2,0,7,28.49658816217641,0.016914507446169257,0.017175988587960045,0.01562499999999999,0.4284900479662541,0,53
CNQ159_011,RRANDDRHV,4,PepMix6,0,7,28.134562137974292,0.016731611284233155,0.016857966187467925,0.01562500000000002,0.4175279012695902,0,54
CNQ159_051,CGNIMHTKVGS,2,PepMix4,0,4,21.568237025008013,0.013501018751441572,0.012551446079434479,0.015625000000000007,0.41527130508090265,0,55
CNQ159_002,IAVGNFEY,1,PepMix3,0,6,28.602268839861306,0.016999227868445738,0.017565923384009308,0.01562500000000007,0.41168451555263846,0,56
CNQ159_039,FLNEIMWCCW,2,PepMix4,0,6,27.209295049979215,0.01630450955926792,0.01651759551148648,0.015625000000000038,0.4105601720634765,0,57
CNQ159_017,KDKHSLATFN,5,PepMix6,0,6,24.401998529430514,0.014908239856290405,0.014479858352214995,0.015625000000000017,0.3744771706043865,0,58
CNQ159_045,HRFKCFMKKFM,5,PepMix4,0,7,23.586513821953567,0.01453428811166344,0.014255509736107558,0.015624999999999986,0.34179596545495694,0,59
CNQ159_015,QSPIWPYD,5,PepMix4,0,6,23.406185297036707,0.014462736336536955,0.014303652324636505,0.015624999999999955,0.32148228757525465,0,60
CNQ159_009,EDFYPVWFN,3,PepMix4,0,7,24.753677761987007,0.015102610223419166,0.014919595608967101,0.015625000000000038,0.31219246424929903,0,61
CNQ159_041,TTIDWQSYA,0,PepMix6,0,7,23.52104681877723,0.014453030712436176,0.01371216167523507,0.015625000000000073,0.27365335318266143,0,62
CNQ159_030,TVTMVGNNKLQ,6,PepMix1,0,7,20.71567005484619,0.01311172705399594,0.012399386426821838,0.015624999999999941,0.26157255572282523,0,63
CNQ159_024,MRCYNNKHVSD,0,PepMix1,0,7,19.03351738813861,0.012271501183493953,0.011345889334724739,0.01562500000000001,0.20299052529082043,0,64
